CustomerID,FirstName,LastName,Email,Phone,Address,City,State,Country,PostalCode,RegistrationDate,DateOfBirth,Gender
1,Jane,Williams,john.smith@email.com,+1-862-534-9041,Address 1,Houston,IL,USA,15097,2022-06-15,1953-11-16,Female
2,Michael,Davis,jane.johnson@example.com,+1-619-393-7190,Address 2,Chicago,IL,USA,92815,2021-11-03,1955-09-08,Male
3,Alex,Martinez,alex.williams@email.com,+1-684-932-3105,Address 3,Los Angeles,IL,USA,12689,2021-12-23,1974-03-13,Female
4,John,Garcia,alice.brown@email.com,+1-390-450-7257,Address 4,Phoenix,IL,USA,12565,2020-02-03,1999-04-24,Female
5,Eva,Rodriguez,chris.jones@test.com,+1-690-719-6628,Address 5,Chicago,CA,USA,44864,2021-02-19,1970-05-17,Other
6,Jane,Garcia,eva.garcia@email.com,+1-136-653-4702,Address 6,Phoenix,AZ,USA,73930,2020-12-15,1966-02-03,Male
7,Alex,Jones,michael.martinez@test.com,+1-521-384-9529,Address 7,New York,CA,USA,43087,2021-11-30,1991-12-20,Other
8,Alex,Smith,sarah.davis@email.com,+1-900-531-6005,Address 8,Chicago,AZ,USA,91120,2020-06-21,1994-02-01,Other
9,Alex,Smith,david.rodriguez@example.com,+1-719-951-3656,Address 9,Phoenix,NY,USA,29976,2022-01-29,1978-09-16,Male
10,Alice,Davis,laura.wilson@example.com,+1-562-827-5617,Address 10,Los Angeles,CA,USA,69255,2021-08-29,1979-04-17,Other
11,Alex,Smith,john.smith@example.com,+1-357-827-3663,Address 11,Houston,IL,USA,39642,2021-05-18,1996-10-11,Male
12,Michael,Brown,jane.johnson@test.com,+1-460-212-5405,Address 12,Chicago,AZ,USA,92546,2022-06-23,1989-06-09,Male
13,Sarah,Garcia,alex.williams@example.com,+1-145-397-6236,Address 13,New York,NY,USA,90423,2020-07-31,2002-03-04,Female
14,David,Martinez,alice.brown@example.com,+1-182-632-1497,Address 14,Phoenix,CA,USA,65924,2021-01-20,1952-02-01,Female
15,David,Brown,chris.jones@example.com,+1-956-389-9772,Address 15,Los Angeles,IL,USA,86265,2022-12-10,1977-02-27,Female
16,David,Garcia,eva.garcia@test.com,+1-112-781-4698,Address 16,Los Angeles,IL,USA,59953,2021-11-09,1992-05-17,Female
17,Sarah,Rodriguez,michael.martinez@email.com,+1-805-844-5461,Address 17,New York,IL,USA,31946,2020-02-25,1982-01-26,Other
18,Chris,Jones,sarah.davis@example.com,+1-169-621-1725,Address 18,Houston,NY,USA,52984,2020-03-03,1982-09-08,Male
19,Jane,Wilson,david.rodriguez@example.com,+1-819-549-7863,Address 19,Houston,NY,USA,86764,2023-05-31,1961-05-28,Female
20,Alex,Wilson,laura.wilson@example.com,+1-429-483-4162,Address 20,Phoenix,TX,USA,77718,2020-05-03,1965-10-11,Male
21,Alice,Brown,john.smith@email.com,+1-148-885-8954,Address 21,Phoenix,TX,USA,25387,2023-02-09,1967-10-18,Male
22,Sarah,Martinez,jane.johnson@test.com,+1-207-627-2881,Address 22,Chicago,IL,USA,76796,2021-12-20,1994-11-22,Male
23,Chris,Wilson,alex.williams@example.com,+1-949-267-2986,Address 23,Chicago,IL,USA,78707,2023-10-01,1961-09-12,Other
24,Jane,Davis,alice.brown@example.com,+1-477-999-2942,Address 24,Los Angeles,NY,USA,32853,2023-03-04,1956-03-24,Male
25,Laura,Davis,chris.jones@email.com,+1-611-880-7378,Address 25,Chicago,TX,USA,87515,2021-01-14,1977-08-06,Female
26,Laura,Williams,eva.garcia@email.com,+1-266-868-9290,Address 26,Phoenix,AZ,USA,84487,2020-04-11,2000-08-05,Other
27,Alex,Jones,michael.martinez@test.com,+1-513-973-7073,Address 27,Chicago,AZ,USA,91222,2023-03-31,1992-06-29,Other
28,Jane,Martinez,sarah.davis@test.com,+1-560-882-3375,Address 28,Phoenix,TX,USA,20113,2022-09-28,1981-04-08,Other
29,Alex,Wilson,david.rodriguez@email.com,+1-254-151-4961,Address 29,New York,AZ,USA,27983,2023-01-18,1977-03-30,Other
30,Jane,Rodriguez,laura.wilson@example.com,+1-458-608-4884,Address 30,Phoenix,CA,USA,64367,2022-02-27,1951-08-19,Male
31,Alice,Martinez,john.smith@example.com,+1-511-810-8403,Address 31,New York,NY,USA,56806,2021-09-04,1990-01-13,Female
32,David,Rodriguez,jane.johnson@test.com,+1-296-566-1709,Address 32,Los Angeles,AZ,USA,47124,2023-06-18,1953-07-25,Other
33,Alex,Wilson,alex.williams@test.com,+1-638-166-4845,Address 33,Los Angeles,AZ,USA,64286,2021-09-12,1998-06-04,Male
34,Michael,Johnson,alice.brown@test.com,+1-732-955-5894,Address 34,Los Angeles,TX,USA,60542,2023-04-09,2003-02-14,Male
35,Alex,Johnson,chris.jones@example.com,+1-759-145-7195,Address 35,Los Angeles,IL,USA,46536,2022-08-18,1965-08-19,Female
36,Michael,Garcia,eva.garcia@test.com,+1-615-981-2833,Address 36,Chicago,IL,USA,42762,2021-05-23,1959-03-25,Female
37,John,Wilson,michael.martinez@example.com,+1-880-444-9121,Address 37,Chicago,CA,USA,48045,2023-09-27,1962-05-12,Male
38,Jane,Wilson,sarah.davis@test.com,+1-884-981-3406,Address 38,Los Angeles,AZ,USA,92150,2022-09-22,1998-12-02,Male
39,Eva,Williams,david.rodriguez@email.com,+1-127-902-4013,Address 39,Los Angeles,TX,USA,69774,2023-10-17,1998-10-26,Other
40,Alice,Jones,laura.wilson@email.com,+1-170-954-8716,Address 40,New York,TX,USA,87592,2020-04-09,1975-08-08,Male
41,John,Davis,john.smith@example.com,+1-136-503-3780,Address 41,New York,TX,USA,80665,2022-06-29,1977-11-16,Other
42,Alice,Smith,jane.johnson@email.com,+1-405-104-3201,Address 42,New York,AZ,USA,38450,2023-02-15,1977-11-09,Male
43,Jane,Smith,alex.williams@test.com,+1-699-603-6251,Address 43,Los Angeles,NY,USA,11237,2022-06-02,1983-01-11,Female
44,Michael,Rodriguez,alice.brown@test.com,+1-951-205-1720,Address 44,New York,CA,USA,85979,2023-10-30,1991-10-26,Other
45,Eva,Johnson,chris.jones@email.com,+1-144-842-9815,Address 45,Phoenix,TX,USA,26993,2020-03-21,1955-05-04,Male
46,Michael,Smith,eva.garcia@test.com,+1-206-199-6116,Address 46,Los Angeles,TX,USA,84235,2023-08-28,1953-12-24,Other
47,Chris,Wilson,michael.martinez@test.com,+1-184-776-1257,Address 47,Houston,IL,USA,19882,2020-08-28,1984-04-04,Other
48,Laura,Smith,sarah.davis@example.com,+1-192-177-6244,Address 48,Chicago,CA,USA,13892,2020-12-06,1995-04-22,Other
49,Eva,Martinez,david.rodriguez@test.com,+1-593-283-6609,Address 49,Chicago,TX,USA,11821,2020-09-25,1954-12-19,Other
50,Alice,Brown,laura.wilson@test.com,+1-485-952-8968,Address 50,Houston,NY,USA,81520,2022-05-21,1992-10-10,Female
51,David,Jones,john.smith@example.com,+1-811-304-5133,Address 51,New York,NY,USA,75287,2020-04-26,1966-05-07,Female
52,Laura,Smith,jane.johnson@test.com,+1-266-497-2669,Address 52,Chicago,NY,USA,13269,2021-04-09,1983-03-01,Female
53,Jane,Williams,alex.williams@test.com,+1-637-156-3770,Address 53,Phoenix,AZ,USA,76471,2022-08-13,1953-02-28,Other
54,Laura,Martinez,alice.brown@example.com,+1-455-834-4439,Address 54,Phoenix,AZ,USA,21216,2021-03-26,1977-10-13,Male
55,David,Brown,chris.jones@example.com,+1-773-799-3706,Address 55,Phoenix,CA,USA,57547,2022-05-13,1978-02-06,Male
56,Michael,Garcia,eva.garcia@email.com,+1-810-246-7845,Address 56,Los Angeles,NY,USA,80487,2022-08-15,2003-03-24,Female
57,John,Smith,michael.martinez@test.com,+1-822-490-7447,Address 57,Houston,CA,USA,68316,2022-03-03,1962-01-03,Male
58,Michael,Rodriguez,sarah.davis@example.com,+1-400-535-5692,Address 58,Houston,AZ,USA,10008,2020-11-16,1978-02-08,Other
59,John,Garcia,david.rodriguez@email.com,+1-786-522-2805,Address 59,Los Angeles,CA,USA,11953,2021-09-18,1979-07-16,Male
60,Jane,Williams,laura.wilson@email.com,+1-108-271-8760,Address 60,Phoenix,NY,USA,36772,2021-08-12,1982-07-11,Female
61,Jane,Garcia,john.smith@example.com,+1-816-869-6717,Address 61,Phoenix,AZ,USA,23753,2023-10-18,2005-10-28,Other
62,Eva,Martinez,jane.johnson@example.com,+1-756-306-2722,Address 62,Chicago,IL,USA,79935,2023-07-28,1955-07-20,Other
63,Alice,Wilson,alex.williams@test.com,+1-476-571-8902,Address 63,Phoenix,CA,USA,54956,2022-02-14,1991-06-18,Male
64,Alice,Jones,alice.brown@example.com,+1-193-182-4367,Address 64,Phoenix,NY,USA,83464,2023-06-24,1974-11-20,Other
65,John,Johnson,chris.jones@test.com,+1-201-812-5612,Address 65,Chicago,IL,USA,70120,2022-02-17,2004-09-21,Male
66,Eva,Johnson,eva.garcia@test.com,+1-158-993-8028,Address 66,Houston,CA,USA,38696,2021-06-23,1978-10-24,Male
67,Alex,Smith,michael.martinez@test.com,+1-103-788-4282,Address 67,Los Angeles,IL,USA,67232,2021-12-09,1988-03-07,Female
68,Laura,Martinez,sarah.davis@test.com,+1-409-987-5444,Address 68,Houston,CA,USA,48638,2023-04-19,1950-04-18,Female
69,Alice,Jones,david.rodriguez@email.com,+1-981-315-4139,Address 69,Houston,NY,USA,96065,2021-11-29,2000-09-21,Male
70,John,Garcia,laura.wilson@test.com,+1-320-944-4739,Address 70,Los Angeles,TX,USA,36034,2022-11-15,1974-11-10,Male
71,David,Wilson,john.smith@test.com,+1-129-223-5608,Address 71,Los Angeles,TX,USA,41119,2020-02-05,2004-04-17,Female
72,Eva,Rodriguez,jane.johnson@test.com,+1-815-201-7901,Address 72,Chicago,AZ,USA,48387,2021-05-23,1968-01-24,Female
73,John,Smith,alex.williams@test.com,+1-844-484-7698,Address 73,Houston,TX,USA,42591,2021-05-31,1993-08-24,Male
74,Sarah,Martinez,alice.brown@email.com,+1-336-215-4899,Address 74,Houston,TX,USA,85100,2021-07-09,1978-11-15,Other
75,Chris,Garcia,chris.jones@email.com,+1-648-555-4854,Address 75,Chicago,CA,USA,31035,2020-06-06,1989-02-03,Male
76,Jane,Smith,eva.garcia@example.com,+1-599-154-8094,Address 76,New York,IL,USA,47619,2022-03-12,1970-06-01,Male
77,John,Johnson,michael.martinez@example.com,+1-953-794-7845,Address 77,Phoenix,IL,USA,34921,2022-05-09,2000-05-13,Other
78,David,Garcia,sarah.davis@email.com,+1-998-257-3594,Address 78,Los Angeles,IL,USA,79303,2021-10-25,1959-12-25,Female
79,David,Wilson,david.rodriguez@test.com,+1-220-382-4253,Address 79,Los Angeles,IL,USA,46858,2022-12-26,1983-04-02,Female
80,Laura,Smith,laura.wilson@example.com,+1-857-463-9243,Address 80,Phoenix,NY,USA,19790,2023-04-12,1970-01-28,Female
81,Alex,Smith,john.smith@test.com,+1-441-143-9991,Address 81,Phoenix,IL,USA,90522,2020-05-06,1991-11-10,Other
82,Laura,Smith,jane.johnson@test.com,+1-445-143-8604,Address 82,New York,TX,USA,79614,2022-10-14,1952-09-15,Female
83,Sarah,Rodriguez,alex.williams@example.com,+1-529-427-3183,Address 83,Chicago,TX,USA,10383,2021-08-19,1983-11-25,Male
84,Jane,Smith,alice.brown@test.com,+1-165-190-9630,Address 84,New York,AZ,USA,13691,2020-06-18,1961-02-04,Male
85,Michael,Garcia,chris.jones@example.com,+1-557-698-3013,Address 85,Chicago,AZ,USA,66812,2022-03-03,2005-05-07,Male
86,Jane,Williams,eva.garcia@email.com,+1-926-897-2176,Address 86,New York,NY,USA,33285,2020-09-30,1982-10-10,Female
87,Michael,Martinez,michael.martinez@email.com,+1-412-551-4633,Address 87,Phoenix,CA,USA,68178,2023-09-12,1964-03-05,Male
88,Chris,Rodriguez,sarah.davis@example.com,+1-240-145-1540,Address 88,Phoenix,AZ,USA,77777,2023-03-11,1989-02-06,Female
89,John,Davis,david.rodriguez@example.com,+1-533-396-2914,Address 89,Chicago,NY,USA,40209,2023-09-22,1978-09-09,Male
90,John,Davis,laura.wilson@email.com,+1-549-923-4226,Address 90,Chicago,TX,USA,45439,2020-12-27,1975-10-06,Other
91,Sarah,Williams,john.smith@example.com,+1-128-214-3281,Address 91,Los Angeles,AZ,USA,36106,2022-12-27,1992-10-09,Male
92,Eva,Wilson,jane.johnson@example.com,+1-412-703-1737,Address 92,Houston,TX,USA,86719,2021-05-01,1998-09-13,Male
93,Alex,Johnson,alex.williams@email.com,+1-222-799-5764,Address 93,New York,IL,USA,31199,2020-04-01,1954-03-03,Male
94,Alice,Brown,alice.brown@email.com,+1-848-864-4418,Address 94,New York,TX,USA,34994,2023-05-12,1967-02-28,Other
95,John,Johnson,chris.jones@example.com,+1-360-555-7016,Address 95,Phoenix,TX,USA,85219,2023-06-23,1975-10-27,Male
96,Alex,Wilson,eva.garcia@example.com,+1-368-591-5895,Address 96,New York,NY,USA,99573,2023-11-04,1962-12-17,Male
97,Eva,Smith,michael.martinez@example.com,+1-420-732-8137,Address 97,New York,IL,USA,68139,2022-07-30,1954-07-25,Male
98,Michael,Brown,sarah.davis@example.com,+1-743-703-9308,Address 98,Los Angeles,AZ,USA,63466,2021-04-02,1999-09-24,Other
99,John,Rodriguez,david.rodriguez@test.com,+1-128-532-2297,Address 99,Phoenix,NY,USA,99245,2020-02-06,1968-10-18,Female
100,Laura,Jones,laura.wilson@test.com,+1-266-154-4086,Address 100,Chicago,CA,USA,18291,2021-07-12,1985-10-09,Male
101,Chris,Johnson,john.smith@test.com,+1-809-763-1588,Address 101,Los Angeles,TX,USA,39108,2023-12-22,1960-03-09,Male
102,Eva,Williams,jane.johnson@test.com,+1-299-386-1814,Address 102,Houston,CA,USA,67873,2022-03-16,2000-09-15,Other
103,Chris,Garcia,alex.williams@example.com,+1-319-978-3406,Address 103,Phoenix,NY,USA,86886,2020-03-28,1990-11-26,Other
104,John,Williams,alice.brown@email.com,+1-104-950-5937,Address 104,New York,TX,USA,14187,2021-07-10,2002-09-09,Other
105,Jane,Johnson,chris.jones@email.com,+1-443-857-4422,Address 105,New York,TX,USA,50380,2020-12-10,1986-05-01,Female
106,Sarah,Rodriguez,eva.garcia@email.com,+1-993-301-7969,Address 106,Los Angeles,NY,USA,81653,2021-01-24,1966-05-27,Other
107,Chris,Johnson,michael.martinez@test.com,+1-329-383-9783,Address 107,Houston,IL,USA,34586,2021-08-28,1992-11-16,Male
108,Alice,Williams,sarah.davis@email.com,+1-223-109-7599,Address 108,Los Angeles,CA,USA,57673,2020-02-22,1975-08-21,Other
109,Eva,Garcia,david.rodriguez@email.com,+1-823-455-5523,Address 109,New York,AZ,USA,43595,2020-10-06,1989-11-14,Female
110,Laura,Garcia,laura.wilson@example.com,+1-945-829-6281,Address 110,Houston,IL,USA,59509,2021-04-03,1968-02-17,Male
111,John,Wilson,john.smith@test.com,+1-292-101-7410,Address 111,Los Angeles,IL,USA,16651,2020-09-18,1997-05-07,Male
112,Alice,Smith,jane.johnson@test.com,+1-470-392-6095,Address 112,New York,CA,USA,43456,2021-04-21,1970-01-18,Other
113,Michael,Brown,alex.williams@test.com,+1-953-379-5984,Address 113,Houston,CA,USA,42037,2023-12-05,1968-02-08,Other
114,Michael,Jones,alice.brown@example.com,+1-660-633-4487,Address 114,Phoenix,IL,USA,49529,2021-01-04,1975-04-30,Male
115,Alice,Jones,chris.jones@example.com,+1-943-242-3042,Address 115,Los Angeles,CA,USA,62037,2023-03-24,1969-02-12,Male
116,Alex,Johnson,eva.garcia@test.com,+1-577-111-1438,Address 116,Houston,NY,USA,46150,2021-07-08,2004-02-18,Male
117,Michael,Wilson,michael.martinez@test.com,+1-363-277-4409,Address 117,Los Angeles,TX,USA,85426,2020-08-15,1960-03-22,Female
118,Laura,Smith,sarah.davis@email.com,+1-852-257-1861,Address 118,Phoenix,TX,USA,44803,2022-05-05,1966-05-23,Male
119,Laura,Rodriguez,david.rodriguez@email.com,+1-735-189-5480,Address 119,Phoenix,AZ,USA,48284,2021-08-04,1968-03-20,Female
120,Alice,Williams,laura.wilson@email.com,+1-270-823-1487,Address 120,Los Angeles,TX,USA,69440,2021-09-25,2002-03-29,Female
121,Alice,Williams,john.smith@email.com,+1-691-631-8648,Address 121,New York,TX,USA,37299,2021-09-30,1994-09-10,Female
122,John,Martinez,jane.johnson@email.com,+1-181-767-2639,Address 122,Phoenix,NY,USA,47263,2023-07-27,1962-03-06,Female
123,David,Johnson,alex.williams@email.com,+1-129-457-9544,Address 123,Los Angeles,NY,USA,25012,2020-07-08,1990-06-18,Male
124,Jane,Johnson,alice.brown@test.com,+1-553-868-3767,Address 124,Los Angeles,AZ,USA,20258,2021-03-03,1978-01-11,Male
125,Sarah,Garcia,chris.jones@email.com,+1-440-307-8741,Address 125,Houston,NY,USA,28355,2023-07-20,1968-09-05,Female
126,Sarah,Williams,eva.garcia@email.com,+1-490-214-8767,Address 126,Houston,IL,USA,49226,2021-05-08,2000-01-03,Other
127,Sarah,Jones,michael.martinez@test.com,+1-652-761-2296,Address 127,New York,NY,USA,94732,2021-10-03,1954-06-11,Female
128,Alex,Davis,sarah.davis@example.com,+1-209-929-6011,Address 128,Phoenix,NY,USA,13995,2023-11-05,1951-04-14,Other
129,Eva,Brown,david.rodriguez@email.com,+1-786-183-8725,Address 129,Chicago,TX,USA,21811,2022-08-04,1991-08-31,Other
130,Jane,Williams,laura.wilson@example.com,+1-298-657-2464,Address 130,Los Angeles,AZ,USA,30589,2020-02-08,1953-05-06,Other
131,Chris,Rodriguez,john.smith@test.com,+1-806-731-1247,Address 131,New York,TX,USA,79623,2023-01-01,1978-10-25,Other
132,Eva,Rodriguez,jane.johnson@example.com,+1-735-782-6318,Address 132,Houston,CA,USA,37764,2023-04-01,1950-04-06,Male
133,Jane,Williams,alex.williams@test.com,+1-652-116-2031,Address 133,Los Angeles,NY,USA,60704,2020-05-23,1993-05-09,Male
134,Alex,Smith,alice.brown@test.com,+1-247-982-2002,Address 134,Phoenix,AZ,USA,59796,2021-07-18,1963-11-12,Female
135,Chris,Garcia,chris.jones@email.com,+1-164-333-9447,Address 135,Chicago,CA,USA,24121,2020-04-29,1987-05-31,Male
136,Eva,Smith,eva.garcia@example.com,+1-505-706-2584,Address 136,Chicago,NY,USA,51127,2023-01-20,1999-09-19,Other
137,John,Johnson,michael.martinez@email.com,+1-236-250-4830,Address 137,Chicago,CA,USA,51668,2022-12-24,1974-06-24,Male
138,John,Rodriguez,sarah.davis@example.com,+1-123-195-7265,Address 138,Phoenix,IL,USA,17275,2023-03-18,1965-10-10,Female
139,Laura,Martinez,david.rodriguez@email.com,+1-135-106-2860,Address 139,Chicago,IL,USA,46712,2021-09-17,1985-01-05,Female
140,Sarah,Brown,laura.wilson@email.com,+1-334-123-9560,Address 140,Houston,NY,USA,22317,2020-04-05,1963-06-09,Male
141,Eva,Johnson,john.smith@test.com,+1-269-160-9029,Address 141,Phoenix,CA,USA,41310,2023-02-13,1985-07-01,Male
142,Eva,Brown,jane.johnson@example.com,+1-517-283-9119,Address 142,Houston,AZ,USA,18029,2022-12-03,1978-07-21,Male
143,Jane,Garcia,alex.williams@test.com,+1-424-378-7853,Address 143,Chicago,NY,USA,26511,2020-05-09,1989-03-01,Female
144,Chris,Rodriguez,alice.brown@example.com,+1-359-831-1087,Address 144,Chicago,CA,USA,41508,2020-09-08,1975-07-25,Other
145,David,Rodriguez,chris.jones@email.com,+1-823-259-6636,Address 145,Houston,AZ,USA,99398,2021-01-10,1978-06-19,Other
146,David,Jones,eva.garcia@test.com,+1-504-978-3609,Address 146,Houston,CA,USA,55201,2020-04-22,1971-08-11,Female
147,John,Smith,michael.martinez@email.com,+1-266-320-7208,Address 147,Los Angeles,IL,USA,21673,2023-06-07,1981-08-12,Other
148,David,Rodriguez,sarah.davis@email.com,+1-446-463-1679,Address 148,Houston,NY,USA,47223,2020-01-14,1984-12-28,Male
149,Eva,Williams,david.rodriguez@example.com,+1-677-568-3821,Address 149,Chicago,CA,USA,40716,2022-08-16,1955-10-15,Other
150,David,Williams,laura.wilson@email.com,+1-477-149-5146,Address 150,Houston,CA,USA,32316,2020-09-01,1955-07-12,Male
151,David,Davis,john.smith@email.com,+1-314-909-8429,Address 151,Houston,CA,USA,98391,2023-05-11,1996-10-18,Male
152,David,Johnson,jane.johnson@example.com,+1-158-268-5736,Address 152,Chicago,NY,USA,35294,2020-03-05,2004-11-21,Other
153,Sarah,Garcia,alex.williams@example.com,+1-752-999-3356,Address 153,Phoenix,TX,USA,18251,2023-01-08,1966-05-16,Male
154,Alex,Jones,alice.brown@example.com,+1-927-585-6418,Address 154,Phoenix,IL,USA,65432,2023-11-18,1987-02-22,Female
155,Eva,Wilson,chris.jones@email.com,+1-239-547-9769,Address 155,New York,NY,USA,12390,2023-05-07,1990-07-26,Other
156,Alex,Martinez,eva.garcia@test.com,+1-692-836-9916,Address 156,Phoenix,NY,USA,86944,2022-08-06,1992-06-10,Female
157,David,Martinez,michael.martinez@example.com,+1-343-120-3413,Address 157,Houston,CA,USA,67988,2023-04-06,1976-01-26,Male
158,John,Martinez,sarah.davis@example.com,+1-249-624-1930,Address 158,Houston,IL,USA,32849,2020-07-27,1952-07-30,Female
159,Alice,Johnson,david.rodriguez@email.com,+1-693-593-4677,Address 159,Houston,TX,USA,86670,2021-01-02,1978-04-23,Female
160,Laura,Rodriguez,laura.wilson@example.com,+1-176-530-6184,Address 160,Houston,CA,USA,65828,2023-10-26,1985-10-29,Other
161,Alice,Martinez,john.smith@email.com,+1-483-128-5926,Address 161,Chicago,IL,USA,78477,2022-09-27,1986-02-05,Other
162,Alice,Garcia,jane.johnson@test.com,+1-930-867-1120,Address 162,Houston,NY,USA,55709,2022-05-04,1978-04-27,Other
163,Laura,Brown,alex.williams@example.com,+1-885-651-1397,Address 163,Chicago,CA,USA,77562,2023-09-10,1964-03-17,Male
164,Laura,Wilson,alice.brown@email.com,+1-503-840-7208,Address 164,Chicago,TX,USA,66399,2020-09-16,1959-08-23,Female
165,Sarah,Johnson,chris.jones@example.com,+1-895-290-2161,Address 165,Los Angeles,CA,USA,19442,2020-05-25,1997-02-09,Male
166,Jane,Williams,eva.garcia@example.com,+1-837-419-6247,Address 166,Los Angeles,NY,USA,19533,2020-06-11,1962-03-31,Male
167,Alex,Wilson,michael.martinez@example.com,+1-237-967-9079,Address 167,New York,TX,USA,92927,2020-09-21,1996-02-22,Female
168,Alice,Rodriguez,sarah.davis@email.com,+1-739-999-6800,Address 168,Los Angeles,AZ,USA,99889,2022-09-17,1985-09-19,Other
169,Chris,Johnson,david.rodriguez@test.com,+1-364-738-8532,Address 169,New York,IL,USA,55181,2021-12-01,1951-12-24,Male
170,Chris,Brown,laura.wilson@example.com,+1-508-554-4721,Address 170,New York,IL,USA,88392,2020-12-03,1954-02-12,Other
171,Laura,Garcia,john.smith@example.com,+1-699-279-8171,Address 171,Phoenix,IL,USA,99475,2023-03-24,1956-03-03,Other
172,Laura,Williams,jane.johnson@example.com,+1-902-791-5870,Address 172,Chicago,TX,USA,91087,2023-04-15,1951-01-10,Male
173,Alice,Martinez,alex.williams@test.com,+1-502-628-2667,Address 173,Chicago,NY,USA,25874,2022-10-13,1981-07-19,Other
174,Eva,Smith,alice.brown@example.com,+1-301-613-6785,Address 174,Los Angeles,IL,USA,71386,2020-12-31,1976-10-18,Other
175,John,Williams,chris.jones@email.com,+1-731-246-1633,Address 175,Phoenix,AZ,USA,18498,2021-05-14,1981-05-17,Female
176,Michael,Brown,eva.garcia@test.com,+1-205-332-1393,Address 176,Chicago,CA,USA,72369,2022-12-26,1957-07-11,Male
177,Michael,Jones,michael.martinez@test.com,+1-261-924-5547,Address 177,Houston,AZ,USA,78590,2022-07-03,1999-03-20,Other
178,Chris,Smith,sarah.davis@example.com,+1-939-307-4530,Address 178,Houston,CA,USA,20517,2023-06-10,1967-06-30,Male
179,Michael,Garcia,david.rodriguez@example.com,+1-399-234-4198,Address 179,New York,TX,USA,86866,2020-03-21,1980-09-04,Other
180,Chris,Rodriguez,laura.wilson@email.com,+1-792-569-8509,Address 180,Los Angeles,NY,USA,33389,2020-08-14,1955-01-15,Male
181,Sarah,Rodriguez,john.smith@example.com,+1-584-730-2877,Address 181,Houston,AZ,USA,38687,2023-02-04,1956-01-27,Female
182,Alice,Wilson,jane.johnson@example.com,+1-663-873-5477,Address 182,Phoenix,NY,USA,75473,2022-08-08,2005-05-02,Male
183,Alice,Smith,alex.williams@test.com,+1-638-241-8154,Address 183,New York,AZ,USA,62034,2020-01-05,2000-11-29,Other
184,Sarah,Brown,alice.brown@example.com,+1-485-130-6379,Address 184,Los Angeles,NY,USA,61793,2020-01-22,1985-11-12,Male
185,David,Smith,chris.jones@example.com,+1-695-295-4643,Address 185,Houston,TX,USA,10929,2022-11-24,1986-02-15,Male
186,Michael,Wilson,eva.garcia@test.com,+1-110-865-5850,Address 186,New York,NY,USA,18191,2021-12-09,1965-07-09,Female
187,Jane,Davis,michael.martinez@example.com,+1-245-739-5148,Address 187,Phoenix,TX,USA,83298,2022-08-06,1994-09-03,Male
188,Eva,Wilson,sarah.davis@test.com,+1-769-640-1780,Address 188,Houston,IL,USA,74268,2020-09-14,1987-06-17,Male
189,Michael,Williams,david.rodriguez@example.com,+1-916-351-4201,Address 189,Chicago,AZ,USA,26512,2022-12-16,2001-04-05,Female
190,Sarah,Johnson,laura.wilson@example.com,+1-453-353-3701,Address 190,Phoenix,NY,USA,39570,2021-01-11,1975-07-12,Other
191,Eva,Johnson,john.smith@email.com,+1-175-835-8212,Address 191,New York,CA,USA,51456,2023-09-21,1970-12-06,Male
192,Michael,Williams,jane.johnson@example.com,+1-532-181-9650,Address 192,New York,NY,USA,60234,2020-04-09,1960-01-26,Male
193,Sarah,Williams,alex.williams@test.com,+1-797-219-4263,Address 193,Phoenix,IL,USA,26203,2020-06-07,1978-07-02,Other
194,John,Wilson,alice.brown@email.com,+1-794-761-8867,Address 194,Los Angeles,NY,USA,36710,2021-08-10,1980-12-08,Female
195,David,Brown,chris.jones@example.com,+1-693-622-6149,Address 195,Los Angeles,AZ,USA,69613,2023-12-28,1956-01-29,Male
196,Alice,Davis,eva.garcia@example.com,+1-564-183-3462,Address 196,New York,NY,USA,56775,2022-01-16,2001-04-12,Female
197,Chris,Smith,michael.martinez@email.com,+1-419-394-7323,Address 197,Phoenix,AZ,USA,63391,2023-08-20,1992-01-26,Male
198,Michael,Smith,sarah.davis@example.com,+1-162-486-2077,Address 198,Houston,AZ,USA,32043,2022-09-03,1999-09-03,Other
199,Laura,Williams,david.rodriguez@email.com,+1-198-401-9063,Address 199,Chicago,NY,USA,74100,2021-10-18,1984-11-20,Other
200,Jane,Johnson,laura.wilson@email.com,+1-128-386-2503,Address 200,New York,TX,USA,79060,2021-01-14,1955-10-18,Female
